{"cameraMode":{"drawMode":0,"name":"Shaded","section":"Shading Mode"},"sceneLighting":true,"audioPlay":false,"sceneViewState":{"m_AlwaysRefresh":false,"showFog":true,"showSkybox":true,"showFlares":true,"showImageEffects":true,"showParticleSystems":true,"showVisualEffectGraphs":true,"m_FxEnabled":true},"in2DMode":false,"pivot":{"x":-0.05681601166725159,"y":1.1140146255493165,"z":-0.41739192605018618},"rotation":{"x":-0.05288558080792427,"y":0.9460337162017822,"z":-0.20163989067077638,"w":-0.2481231987476349},"size":2.443206787109375,"orthographic":true}